protein_name,PDB_model
GHR,1A22.B
CD94:NKG2C,1B6E.A; 2L35.A
CD94:NKG2A,1B6E.A; 3BDW.B
CD94:NKG2E,1B6E.A; AF-Q07444-F1
PRLR,1BP3.B
MADCAM1,1BQS.A
TNFRSF8,1D01.A
CEACAM5,1E07.A
SDC4,1EJP.A
IFNGR1_IFNGR2,1FG9.C; 5EH1.A
SELP,1G1S.A
IL4R,1IAR.B
IL4R_IL13RA2,1IAR.B; 3LB6.B
IL4R_IL13RA1,1IAR.B; 5E4E.C
IL4R_IL2RG,1IAR.B; 5M5E.B
KIR2DL1,1IM9.D
TNFRSF14,1JMA.A
CAP1,1K8F.A
CD209,1K9I.A
TNFRSF11A,1LB5.A
PROCR,1LQV.A
PROCR_HSP90AA1,1LQV.A; 7KRJ.A
PROCR_F2R,1LQV.A; 9D4Z.C
KLRK1,1MPU.A
NKG2D_HCST,1MPU.A; AF-Q9UBK5-F1
F11R,1NBQ.A
ITGA1_ITGB1,1PT6.A; 7NWL.B
TYRO3,1RHF.A
FGFR3,1RY7.B
NRCAM,1UEY.A
CD44,1UUH.A
ITGA2_ITGB1,1V7P.C; 7NWL.B
VCAM1,1VCA.A
OCLN,1XAW.A
TNFRSF13B,1XU1.D
IL10RA_IL10RB,1Y6K.B; 3LQM.A
PTPRC,1YGR.A
BCR_CD45_CD22,1YGR.A; 5VKJ.A
CD28,1YJD.C
NPR3,1YK0.A
AVPR1A,1YTV.B
PLAUR,1YWH.A
CADM3,1Z9M.A
IL2RB_IL2RG,2B5I.B; 5M5E.B
IL2RA_IL2RB,2B5I.D; 2B5I.B
ADGRE2,2BOU.A
CSF3R,2D9Q.B
CEACAM8,2DKS.A
PTPRS,2FH7.A
LRP1,2FYJ.A
BMPR1A_ACVR2A,2H62.C; 3SOC.A
BMPR1A_BMPR2,2H62.C; 6UNP.A
BMPR1A_ACVR2B,2H62.C; 7MRZ.B
TNFRSF4,2HEY.C
NCAM2,2JLL.A
TNFRSF12A,2KMZ.A
PARD3,2KOM.A
KLRC2,2L35.A
RXFP2,2M96.A
NGFR,2N83.A
NOTCH2,2OO4.A
ACVR2B,2QLU.A
EPHA3,2QOL.A
NRP1_PLXNA2,2QQM.A; 3Q3J.A
NRP1_PLXNA4,2QQM.A; 4E74.A
NRP1_NRP2,2QQM.A; 7T4S.F
NRP1_PLXNA1,2QQM.A; 7Y4P.A
NRP1_PLXNA3,2QQM.A; AF-P51805-F1
EPHA5,2R2P.A
EPHA7,2REI.A
PTPRM,2V5Y.A
NCAM1,2VKW.A
EPHB4,2VWX.A
CTLA4,2X44.A
IL15RA_IL2RB,2Z3Q.B; 2B5I.B
KLRC1,3BDW.B
MMP14_ITGAV_ITGB3,3C7X.A; 8XEL.A; 8XEL.B
IL22RA1_IL10RB,3DLQ.B; 3LQM.A
IL22RA1_IL20RB,3DLQ.B; 4DOH.B
CD38,3F6Y.A
KLRG1,3FF7.C
EPHA2,3FL7.A
PLXND1,3H6N.A
KIR2DS4,3H8N.A
EPHA1,3HIL.A
PLXNB1,3HM6.A
PVR,3J8F.E
CUBN_AMN,3KQ4.B; 6GJE.A
EPHA8,3KUL.A
IL13RA2,3LB6.B
BMPR1B_ACVR2B,3MDY.A; 2QLU.A
BMPR1B_ACVR2A,3MDY.A; 3SOC.A
BMPR1B_BMPR2,3MDY.A; 6UNP.A
PDGFRB,3MJG.A
ACVRL1_ACVR2A,3MY0.A; 3SOC.A
ACVRL1_BMPR2,3MY0.A; 6UNP.A
IL1R2,3O4O.B
LILRB4,3P2T.A
NCR3,3PV6.B
PLXNA2,3Q3J.A
F2RL3,3QDZ.E
NECTIN2,3R0N.A
CNTN1_CNTNAP1,3S97.C; AF-P78357-F1
IFNAR1_IFNAR2,3SE4.A; 1N6U.A
GJC1,3SHW.B
NECTIN1,3SKU.D
ACVR2A,3SOC.A
NTNG2,3TBD.A
TNFRSF21,3U3P.A
ERBB4,3U9U.3.A
IL7R_CRLF2,3UP1.A; 5J11.C
IL7R_IL2RG,3UP1.A; 5M5E.B
TNFRSF11B,3URF.B
KDR,3V2A.A
ITGA4_ITGB1,3V4V.A; 7NWL.B
ITGA4_ITGB7,3V4V.A; 8ZJF.A
SORL1,3WSX.A
PILRA,3WUZ.A
EPHB2,3ZFM.A
NTNG1,3ZYJ.B
NTRK2,4ASZ.A
EPHA4,4BK4.A
FLT4,4BSJ.A
FLT4_KDR,4BSJ.A; 3V2A.A
SELE,4C16.A
JAG1,4CC0.A
ADGRB3,4DLO.A
IL20RA_IL10RB,4DOH.C; 3LQM.A
IL20RA_IL20RB,4DOH.C; 4DOH.B
PLXNB2,4E71.A
PLXNA4,4E74.A
NECTIN3,4FOM.A
NECTIN4,4FRW.A
TLR4,4G8A.A
IL1R1_IL1RAP,4GAF.B; 4DEP.C
CADM1,4H5S.B
SV2C,4JRA.C
TEK,4K0V.A
IL1RL1_IL1RAP,4KC3.B; 4DEP.C
CSF1R,4LIQ.A
LTBR,4MXW.A
PILRB,4NFD.A
CSF2RA_CSF2RB,4NKQ.C; 8TLD.A
IL18R1_IL18RAP,4R6U.A; 3WO4.C
CHRNA9,4UXU.A
UNC5A,4V2A.A
CEACAM6,4Y8A.A
CLDN2,4YYX.A
CD274,4Z18.A
TNFRSF17,4ZFO.A
CDH3,4ZMN.A
ALCAM,5A2F.A
PTPRZ1,5AWX.A
LRP8,5B4X.B
TNFRSF10A,5CIR.D
NOTCH3,5CZX.A
IL13RA1,5E4E.C
ITGAL,5E6S.A
ITGAL_ITGB2,5E6S.A; 7USL.B
DSG3,5EQX.A
ITGAX_ITGB2,5ES4.A; 7USL.B
CHRNA2,5FJV.A
PECAM1,5GNI.A
PCDHGB3,5K8R.A
EPHB3,5L6O.A
CD36,5LGD.A
DAG1,5LLK.A
CCR9,5LWE.A
ADIPOR2,5LX9.A
ADIPOR1,5LXG.A
KLRB1,5MGR.A
GFRA2_RET,5MR4.C; 6Q2O.D
IL17RA_IL17RC,5NAN.B; 6HG4.B
IL17RA_IL17RB,5NAN.B; 7UWL.C
IL17RA_IL17RE,5NAN.B; AF-Q8NFR9-F1
NLGN1,5OJK.A
ROBO1,5OPE.A
TGFBR2,5QIN.A
FLT1,5T89.C
FLT1_KDR,5T89.C; 3V2A.A
AXL,5U6B.A
IL3RA_CSF2RB,5UWC.A; 8TLD.A
IL5RA_CSF2RB,3QT2.A; 8TLD.A
SELL,5VC1.A
CD22,5VKJ.A
DCC,5X83.A
MRC1,5XTS.A
TNFRSF25,5YGP.A
LRRTM2,5Z8X.A
LILRB2,6AED.A
TREM2_TYROBP,6B8O.A; 4WOL.A
NEGR1,6DLD.B
PTCH1_SMO,6E1H.A; 6XBM.A
ACVR1_TGFbR,6EIX.A; 8YHF.A; 5QIN.A
SDC1,6EJE.B
CCR2,6GPS.A
UTS2R,6HVK.A
P4HB,6I7S.A
ROBO2,6IAA.A
MPZL1,6IGW.A
CD226,6ISB.A
SDC2,6ITH.A
FLRT3,6JBU.B
IGF1R,6JK8.A
AGTR2,6JOD.A
PTPRF,6KR4.A
NTRK3,6KZD.A
CXCR2,6LFO.E
MCAM,6LYN.C
AGTR1,6OS2.A
IGF2R,6P8I.A
CRHR1,6P9X.E
CRHR2,6PB1.A
CHRNA3,6PV7.A
NOTCH1,6PY8.I
GFRA1_RET,6Q2N.B; 6Q2O.D
GFRA3_RET,6Q2S.B; 6Q2O.D
CCR7,6QZH.A
HCRTR1,6TQ4.A
EPHB1,6UMW.A
CALCRL,6UVA.G
CALCRL_RAMP1,6UVA.G; 7TYF.C
CALCRL_RAMP2,6UVA.G; 7TYX.A
CALCRL_RAMP3,6UVA.G; 8F0K.A
FGFR2,6V6Q.A
ADGRL3,6VHH.B
PLXNC1,6VXK.B
GCGR,6WHC.F
FZD5,6WW2.D
FZD5_LRP6,6WW2.D; 8DVM.A
FZD5_LRP5,6WW2.D; AF-O75197-F1
CCR6,6WWZ.F
SCTR,6WZG.B
GLP1R,6X18.F
PTPRD,6X3A.A
SORT1,6X3L.A
LILRB1,6ZDX.B
DSCAM,6ZR7.A
MERTK,7AAZ.A
GNRHR,7BR3.A
ITGA6_ITGB4,7CEB.A; 3F7R.A
ITGA6_ITGB1,7CEB.A; 7NWL.B
BSG,7CKO.B
GHRHR,7CZ5.A
GLP2R,7D68.F
AVPR2,7DW9.A
BDKRB1,7EIB.A
CHRNA7,7EKP.A
CCKAR,7EZM.C
PTH2R,7F16.A
MC1R,7F4H.E
BDKRB2,7F6I.A
LHCGR,7FIH.D
ICOS,7JOO.D
EPHB6,7K7J.A
TNFRSF18,7KHD.C
IL21R_IL2RG,7KQ7.C; 5M5E.B
HAVCR2,7KQL.C
AMHR2_BMPR1A,7L0J.B; 2H62.C
AMHR2_BMPR1B,7L0J.B; 3MDY.A
AMHR2_ACVR1,7L0J.B; 6EIX.A
PDGFRA,7LBF.D
ADORA1,7LD3.B
ERBB3,7MN5.A
ERBB2_ERBB4,7MN5.C; 3U9U.3.A
ERBB2_ERBB3,7MN5.C; 7MN5.A
MET,7MO9.C
ACVR1B_ACVR2B,7MRZ.B; 2QLU.A
ACVR1B_ACVR2B_CFC1,7MRZ.B; 2QLU.A; AF-P0CG37-F1
ACVR1B_ACVR2A,7MRZ.B; 3SOC.A
ACVR1B_ACVR2A_CFC1,7MRZ.B; 3SOC.A; AF-P0CG37-F1
ACVR1B_TGFbR2,7MRZ.B; 5QIN.A
ACVR1B_BMPR2,7MRZ.B; 6UNP.A
NTRK1,7N3T.A
ITGA5_ITGB1,7NWL.A; 7NWL.B
ITGB1_ITGA1,7NWL.B; 1PT6.A
ALK,7NX3.A
CCR5,7O7F.C
NOTCH4,7OR3.B
IL9R_IL2RG,7OX5.A; 5M5E.B
CD40,7P3I.A
MC4R,7PIU.A
FLT3,7QDP.E
GP6,7R58.A
GIPR,7RBT.G
OXTR,7RYC.B
ADGRG1,7SF8.A
CD99,7SFX.C
HCRTR2,7SQO.A
CDH1,7STZ.A
EGFR,7SYD.A
EGFR_ERBB2,7SYD.A; 7MN5.C
NRP2_PLXNA2,7T4S.F; 3Q3J.A
NRP2_PLXNA4,7T4S.F; 4E74.A
NRP2_PLXNA1,7T4S.F; 7Y4P.A
NRP2_PLXNA3,7T4S.F; AF-P51805-F1
ABCA1,7TBW.A
RXFP1,7TMW.A
ITGAM_ITGB2,7USL.A; 7USL.B
TSHR,7UTZ.D
IL17RB,7UWL.C
FPR1,7VFX.A
NPY1R,7VGX.A
CCR1,7VL9.E
VIPR2,7VQX.F
NMUR2,7W55.F
NMUR1,7W56.F
SSTR2,7WIG.A
CD47,7WN8.A
GALR1,7WQ3.A
GALR2,7WQ4.A
FZD2,7X8P.A
FZD2_LRP6,7X8P.A; 8DVM.A
FZD2_LRP5,7X8P.A; AF-O75197-F1
FZD10,7X8T.A
FZD10_LRP6,7X8T.A; 8DVM.A
FZD10_LRP5,7X8T.A; AF-O75197-F1
NPY4R,7X9C.A
EDAR,7X9G.C
CCR3,7X9Y.D
CX3CR1,7XBW.D
SSTR4,7XMT.A
CCKBR,7XOW.A
TRHR,7XW9.A
TACR2,7XWO.A
PTH1R,7Y36.A
PLXNA1,7Y4P.A
PLXNA1_KDR,7Y4P.A; 3V2A.A
PLXNA1_TREM2,7Y4P.A; 6B8O.A
RXFP4,7YK7.C
CMKLR1,7YKD.A
NPY2R,7YON.E
GJA1,7Z1T.A
CHRNB3,8A5U.A
L1CAM,8AFO.A
LIFR_IL6ST,8D74.D; 8D82.C
CNTFR_LIFR,8D7R.B; 8D74.D
IL27RA_IL6ST,8D85.C; 8D82.C
KIT,8DFP.A
CD27,8DS5.A
ADCYAP1R1,8E3X.F
VIPR1,8E3Y.F
CD8A,8EW6.A
CD8 receptor,8EW6.A; AF-P10966-F1
CALCR,8F0K.C
CALCR_RAMP1,8F0K.C; 7TYF.C
CALCR_RAMP2,8F0K.C; 7TYX.A
CALCR_RAMP3,8F0K.C; 8F0K.A
OPRD1,8F7S.A
OPRL1,8F7X.A
GUCY2C,8FX4.D
CD4,8FYI.G
MPL,8G04.B
NLGN3,8GS3.A
NLGN2,8GS4.A
TNFRSF9,8GYE.A
NMBR,8H0P.B
GRPR,8H0Q.A
ADORA2B,8HDO.E
C5AR1,8HK5.A
FSHR,8I2G.E
CXCR1,8IC0.A
MPZ,8IIA.A
ADGRE5,8IKJ.A
EDNRB,8IY5.E
ACKR2,8J8V.G
FZD1,8J9N.A
FZD1_LRP6,8J9N.A; 8DVM.A
FZD1_LRP5,8J9N.A; AF-O75197-F1
TACR3,8JBG.A
FZD6,8JHB.E
FZD6_LRP6,8JHB.E; 8DVM.A
FZD6_LRP5,8JHB.E; AF-O75197-F1
FZD3,8JHI.E
FZD3_LRP5,8JHI.E; AF-O75197-F1
FZD3_LRP6,8JHI.E;; 8DVM.A
SV2A,8JLC.A
ACKR1,8JPS.A
FGFR1,8JQI.B
CNTN2,8K3J.A
CNTN2_CNTNAP2,8K3J.A; 5Y4M.A
FGFR4,8KH8.A
IL23R_IL12RB1,8OE4.C; 8OE4.D
IL12RB1_IL12RB2,8OE4.D; 8YI7.C
ADGRB2,8OEK.A
DSG2,8QK3.E
IL11R complex,8QY4.E
IL6R_IL6ST,8QY5.C; 8D82.C
CHRNA4,8ST0.A
CHRNB2,8ST0.B
ACKR3,8TII.E
KIR2DL2,8TMU.C
KIR2DL3,8TUI.C
TACR1,8U26.E
INSR,8U4C.A
CXCR4,8U4N.D
VLDLR,8UFB.M
ADORA2A,8UGW.A
SV2B,8UO8.A
FAS,8VG4.A
CD74,8VRW.C
CD74_CD44,8VRW.C; 1UUH.A
CD74_CXCR2,8VRW.C; 6LFO.E
CD74_CXCR4,8VRW.C; 8U4N.D
TIGIT,8VTD.C
EPOR,8VUI.C
FZD4,8WMA.A
FZD4_LRP6,8WMA.A; 8DVM.A
FZD4_LRP5,8WMA.A; AF-O75197-F1
MCHR1,8WSS.F
QRFPR,8WZ2.F
FZD8,8X0T.A
FZD8_LRP6,8X0T.A; 8DVM.A
FZD8_LRP5,8X0T.A; AF-O75197-F1
LEPR,8X85.A
SSTR5,8X8L.F
ITGAV_ITGB6,8XEL.A; 4UM8.B
ITGAV_ITGB8,8XEL.A; 6UJA.B
ITGAV_ITGB1,8XEL.A; 7NWL.B
ITGAV_ITGB5,8XEL.A; 7S47.B
ITGAV_ITGB3,8XEL.A; 8XEL.B
KISS1R,8XGO.A
SSTR1,8XIO.A
SSTR3,8XIR.A
CCR8,8XML.A
EDNRA,8XVI.E
CXCR3,8XYK.A
APLNR,8XZH.A
FPR2,8Y62.E
FPR2_LXA4,8Y62.E
TGFBR1_ACVR2B,8YHF.A; 2QLU.A
TGFBR1_ACVR2A,8YHF.A; 3SOC.A
TGFbR1_R2,8YHF.A; 5QIN.A
LILRB3,8YOT.B
ITGAE_ITGB7,8ZJF.B; 8ZJF.A
CR2,8ZNI.A
CHRNA6,8ZRN.A
CHRNB4,8ZRN.B
TNFRSF1A,8ZUI.D
TNFRSF13C,8ZUK.A
NTSR1,8ZYT.D
XCR1,9AST.C
NPR1,9BCL.A
KIR3DL1,9BL4.D
NCL,9CB5.A
TNFRSF1B,9CU8.B
F2RL1,9D0A.D
F2R,9D4Z.C
ITGA2B_ITGB3,9DAO.A; 8XEL.B
CHRNA1,9DMS.A
CHRNB1,9DMS.C
CHRND,9DMS.D
CHRNE,9DMS.E
FZD7,9EPO.A
FZD7_LRP6,9EPO.A; 8DVM.A
FZD7_LRP5,9EPO.A; AF-O75197-F1
IL1RL2_IL1RAP,9ETH.D; 4DEP.C
IL31RA_OSMR,9EZA.B; AF-Q99650-F1
CEACAM1,9GH5.D
CD200R1,9GWT.C
C3AR1,9IPV.D
PRLHR,9K27.A
MC3R,9K3F.A
MC5R,9K3H.A
MC2R,9K3L.E
RXFP3,9KFI.A
GPR1,9L3Y.A
NPFFR1,9M0R.E
NPFFR2,9M1O.A
OPRM1,9MQJ.A
OPRK1,9MQL.A
PDCD1,9Q8L.C
GHSR,9UY3.E
CD8B2,AF-A6NJW9-F1
FZD9,AF-O00144-F1
FZD9_LRP6,AF-O00144-F1; 8DVM.A
FZD9_LRP5,AF-O00144-F1; AF-O75197-F1
F2RL2,AF-O00254-F1
CXCR6,AF-O00574-F1
PODXL,AF-O00592-F1
ADGRB1,AF-O14514-F1
GPR37,AF-O15354-F1
CLDN3,AF-O15551-F1
FLRT2,AF-O43155-F1
PCDHGA12,AF-O60330-F1
GALR3,AF-O60755-F1
GPR37L1,AF-O60883-F1
SDC3,AF-O75056-F1
CLDN11,AF-O75508-F1
ITGA10_ITGB1,AF-O75578-F1; 7NWL.B
ADGRL1,AF-O94910-F1
CLSTN1,AF-O94985-F1
UNC5C,AF-O95185-F1
ADGRL2,AF-O95490-F1
NTSR2,AF-O95665-F1
CLDN1,AF-O95832-F1
MAS1,AF-P04201-F1
CHRNG,AF-P07510-F1
TMIGD3,AF-P0DMS9-F1
CD8B,AF-P10966-F1
SPN,AF-P16150-F1
CDH2,AF-P19022-F1
NPR2,AF-P20594-F1
MAG,AF-P20916-F1
CD72,AF-P21854-F1
FPR3,AF-P25089-F1
ITGA3_ITGB1,AF-P26006-F1; 7NWL.B
CD34,AF-P28906-F1
CHRNA5,AF-P30532-F1
CXCR5,AF-P32302-F1
CDH5,AF-P33151-F1
GJA5,AF-P36382-F1
GP complex,AF-P40197-F1; 6XFQ.A; 8WFS.A; 8WFS.C
KIR3DL2,AF-P43630-F1
CCR10,AF-P46092-F1
AVPR1B,AF-P47901-F1
NPBWR1,AF-P48145-F1
ENTPD1,AF-P49961-F1
CCR4,AF-P51679-F1
PLXNA3,AF-P51805-F1
ITGA8_ITGB1,AF-P53708-F1; 7NWL.B
CDH4,AF-P55283-F1
CDH11,AF-P55287-F1
CDH15,AF-P55291-F1
JAM2,AF-P57087-F1
DSG1,AF-Q02413-F1
APOBR,AF-Q0VD83-F1
ITGAD_ITGB2,AF-Q13349-F1; 7USL.B
ITGA7_ITGB1,AF-Q13683-F1; 7NWL.B
ITGA9_ITGB1,AF-Q13797-F1; 7NWL.B
KIR3DS1,AF-Q14943-F1
KIR2DS1,AF-Q14954-F1
GPR19,AF-Q15760-F1
NPY5R,AF-Q15761-F1
IGSF11,AF-Q5DX21-F1
TREML2,AF-Q5T2D2-F1
UNC5D,AF-Q6UXZ4-F1
NPSR1,AF-Q6W5P4-F1
DSG4,AF-Q86SJ6-F1
ADGRG6,AF-Q86SQ4-F1
LRRTM1,AF-Q86UE6-F1
LRRTM4,AF-Q86VH4-F1
LRRTM3,AF-Q86VH5-F1
TMEM219,AF-Q86XT9-F1
GLYCAM1,AF-Q8IVK1-F1
UNC5B,AF-Q8IZJ1-F1
CD177,AF-Q8N6Q3-F1
KIR3DL3,AF-Q8N743-F1
ACVR1C_ACVR2B,AF-Q8NER5-F1; 2QLU.A
ACVR1C_ACVR2B_CFC1,AF-Q8NER5-F1; 2QLU.A; AF-P0CG37-F1
ACVR1C_ACVR2A,AF-Q8NER5-F1; 3SOC.A
ACVR1C_ACVR2A_CFC1,AF-Q8NER5-F1; 3SOC.A; AF-P0CG37-F1
ACVR1C_TGFbR2,AF-Q8NER5-F1; 5QIN.A
PROKR2,AF-Q8NFJ6-F1
CADM4,AF-Q8NFZ8-F1
PROKR1,AF-Q8TCW9-F1
CD99L2,AF-Q8TCZ2-F1
ACVR1_ACVR2B,AF-Q90ZK6-F1; 2QLU.A
ACVR1_ACVR2A,AF-Q90ZK6-F1; 3SOC.A
ACVR1_BMPR2,AF-Q90ZK6-F1; 6UNP.A
GLG1,AF-Q92896-F1
ESAM,AF-Q96AP7-F1
ADGRA2,AF-Q96PE1-F1
NPY6R,AF-Q99463-F1
OSMR_IL6ST,AF-Q99650-F1; 8D82.C
CLSTN3,AF-Q9BQT9-F1
JAM3,AF-Q9BX67-F1
STRA6,AF-Q9BX79-F1
CD244,AF-Q9BZW8-F1
CHRNA10,AF-Q9GZZ6-F1
GFRA4_RET,AF-Q9GZZ7-F1; 6Q2O.D
PCDHAC1,AF-Q9H158-F1
CLSTN2,AF-Q9H4D0-F1
EPB41L1,AF-Q9H4G0-F1
IGFLR1,AF-Q9H665-F1
EDA2R,AF-Q9HAV5-F1
ACKR4,AF-Q9NPB9-F1
PCDHB16,AF-Q9NRJ7-F1
GPR83,AF-Q9NYM4-F1
FLRT1,AF-Q9NZU1-F1
MARCO,AF-Q9UEW3-F1
ITGA11_ITGB1,AF-Q9UKX5-F1; 7NWL.B
PLXNB3,AF-Q9ULL4-F1
PCDHB8,AF-Q9UN66-F1
PCDHB10,AF-Q9UN67-F1
PCDHGC3,AF-Q9UN70-F1
PCDHGB4,AF-Q9UN71-F1
PCDHA7,AF-Q9UN72-F1
PCDHA6,AF-Q9UN73-F1
PCDHA4,AF-Q9UN74-F1
PCDHA12,AF-Q9UN75-F1
PCDHB9,AF-Q9Y5E1-F1
PCDHB7,AF-Q9Y5E2-F1
PCDHB6,AF-Q9Y5E3-F1
PCDHB5,AF-Q9Y5E4-F1
PCDHB4,AF-Q9Y5E5-F1
PCDHB3,AF-Q9Y5E6-F1
PCDHB2,AF-Q9Y5E7-F1
PCDHB15,AF-Q9Y5E8-F1
PCDHB14,AF-Q9Y5E9-F1
PCDHB13,AF-Q9Y5F0-F1
PCDHB12,AF-Q9Y5F1-F1
PCDHB11,AF-Q9Y5F2-F1
PCDHB1,AF-Q9Y5F3-F1
PCDHGC5,AF-Q9Y5F6-F1
PCDHGC4,AF-Q9Y5F7-F1
PCDHGB7,AF-Q9Y5F8-F1
PCDHGB6,AF-Q9Y5F9-F1
PCDHGB5,AF-Q9Y5G0-F1
PCDHGB2,AF-Q9Y5G2-F1
PCDHGB1,AF-Q9Y5G3-F1
PCDHGA9,AF-Q9Y5G4-F1
PCDHGA8,AF-Q9Y5G5-F1
PCDHGA7,AF-Q9Y5G6-F1
PCDHGA6,AF-Q9Y5G7-F1
PCDHGA5,AF-Q9Y5G8-F1
PCDHGA4,AF-Q9Y5G9-F1
PCDHGA3,AF-Q9Y5H0-F1
PCDHGA2,AF-Q9Y5H1-F1
PCDHGA11,AF-Q9Y5H2-F1
PCDHGA10,AF-Q9Y5H3-F1
PCDHGA1,AF-Q9Y5H4-F1
PCDHA9,AF-Q9Y5H5-F1
PCDHA8,AF-Q9Y5H6-F1
PCDHA5,AF-Q9Y5H7-F1
PCDHA3,AF-Q9Y5H8-F1
PCDHA2,AF-Q9Y5H9-F1
PCDHA13,AF-Q9Y5I0-F1
PCDHA11,AF-Q9Y5I1-F1
PCDHA10,AF-Q9Y5I2-F1
PCDHA1,AF-Q9Y5I3-F1
PCDHAC2,AF-Q9Y5I4-F1
PTCH2_SMO,AF-Q9Y6C5-F1; 6XBM.A
GJA3,AF-Q9Y6H8-F1
